filename,path,classe,width,height
saudavel_000.png,../data/synthetic/imagens_videira/saudavel\saudavel_000.png,saudavel,256,256
saudavel_001.png,../data/synthetic/imagens_videira/saudavel\saudavel_001.png,saudavel,256,256
saudavel_002.png,../data/synthetic/imagens_videira/saudavel\saudavel_002.png,saudavel,256,256
saudavel_003.png,../data/synthetic/imagens_videira/saudavel\saudavel_003.png,saudavel,256,256
saudavel_004.png,../data/synthetic/imagens_videira/saudavel\saudavel_004.png,saudavel,256,256
saudavel_005.png,../data/synthetic/imagens_videira/saudavel\saudavel_005.png,saudavel,256,256
saudavel_006.png,../data/synthetic/imagens_videira/saudavel\saudavel_006.png,saudavel,256,256
saudavel_007.png,../data/synthetic/imagens_videira/saudavel\saudavel_007.png,saudavel,256,256
saudavel_008.png,../data/synthetic/imagens_videira/saudavel\saudavel_008.png,saudavel,256,256
saudavel_009.png,../data/synthetic/imagens_videira/saudavel\saudavel_009.png,saudavel,256,256
saudavel_010.png,../data/synthetic/imagens_videira/saudavel\saudavel_010.png,saudavel,256,256
saudavel_011.png,../data/synthetic/imagens_videira/saudavel\saudavel_011.png,saudavel,256,256
saudavel_012.png,../data/synthetic/imagens_videira/saudavel\saudavel_012.png,saudavel,256,256
saudavel_013.png,../data/synthetic/imagens_videira/saudavel\saudavel_013.png,saudavel,256,256
saudavel_014.png,../data/synthetic/imagens_videira/saudavel\saudavel_014.png,saudavel,256,256
saudavel_015.png,../data/synthetic/imagens_videira/saudavel\saudavel_015.png,saudavel,256,256
saudavel_016.png,../data/synthetic/imagens_videira/saudavel\saudavel_016.png,saudavel,256,256
saudavel_017.png,../data/synthetic/imagens_videira/saudavel\saudavel_017.png,saudavel,256,256
saudavel_018.png,../data/synthetic/imagens_videira/saudavel\saudavel_018.png,saudavel,256,256
saudavel_019.png,../data/synthetic/imagens_videira/saudavel\saudavel_019.png,saudavel,256,256
saudavel_020.png,../data/synthetic/imagens_videira/saudavel\saudavel_020.png,saudavel,256,256
saudavel_021.png,../data/synthetic/imagens_videira/saudavel\saudavel_021.png,saudavel,256,256
saudavel_022.png,../data/synthetic/imagens_videira/saudavel\saudavel_022.png,saudavel,256,256
saudavel_023.png,../data/synthetic/imagens_videira/saudavel\saudavel_023.png,saudavel,256,256
saudavel_024.png,../data/synthetic/imagens_videira/saudavel\saudavel_024.png,saudavel,256,256
saudavel_025.png,../data/synthetic/imagens_videira/saudavel\saudavel_025.png,saudavel,256,256
saudavel_026.png,../data/synthetic/imagens_videira/saudavel\saudavel_026.png,saudavel,256,256
saudavel_027.png,../data/synthetic/imagens_videira/saudavel\saudavel_027.png,saudavel,256,256
saudavel_028.png,../data/synthetic/imagens_videira/saudavel\saudavel_028.png,saudavel,256,256
saudavel_029.png,../data/synthetic/imagens_videira/saudavel\saudavel_029.png,saudavel,256,256
saudavel_030.png,../data/synthetic/imagens_videira/saudavel\saudavel_030.png,saudavel,256,256
saudavel_031.png,../data/synthetic/imagens_videira/saudavel\saudavel_031.png,saudavel,256,256
saudavel_032.png,../data/synthetic/imagens_videira/saudavel\saudavel_032.png,saudavel,256,256
saudavel_033.png,../data/synthetic/imagens_videira/saudavel\saudavel_033.png,saudavel,256,256
saudavel_034.png,../data/synthetic/imagens_videira/saudavel\saudavel_034.png,saudavel,256,256
saudavel_035.png,../data/synthetic/imagens_videira/saudavel\saudavel_035.png,saudavel,256,256
saudavel_036.png,../data/synthetic/imagens_videira/saudavel\saudavel_036.png,saudavel,256,256
saudavel_037.png,../data/synthetic/imagens_videira/saudavel\saudavel_037.png,saudavel,256,256
saudavel_038.png,../data/synthetic/imagens_videira/saudavel\saudavel_038.png,saudavel,256,256
saudavel_039.png,../data/synthetic/imagens_videira/saudavel\saudavel_039.png,saudavel,256,256
saudavel_040.png,../data/synthetic/imagens_videira/saudavel\saudavel_040.png,saudavel,256,256
saudavel_041.png,../data/synthetic/imagens_videira/saudavel\saudavel_041.png,saudavel,256,256
saudavel_042.png,../data/synthetic/imagens_videira/saudavel\saudavel_042.png,saudavel,256,256
saudavel_043.png,../data/synthetic/imagens_videira/saudavel\saudavel_043.png,saudavel,256,256
saudavel_044.png,../data/synthetic/imagens_videira/saudavel\saudavel_044.png,saudavel,256,256
saudavel_045.png,../data/synthetic/imagens_videira/saudavel\saudavel_045.png,saudavel,256,256
saudavel_046.png,../data/synthetic/imagens_videira/saudavel\saudavel_046.png,saudavel,256,256
saudavel_047.png,../data/synthetic/imagens_videira/saudavel\saudavel_047.png,saudavel,256,256
saudavel_048.png,../data/synthetic/imagens_videira/saudavel\saudavel_048.png,saudavel,256,256
saudavel_049.png,../data/synthetic/imagens_videira/saudavel\saudavel_049.png,saudavel,256,256
saudavel_050.png,../data/synthetic/imagens_videira/saudavel\saudavel_050.png,saudavel,256,256
saudavel_051.png,../data/synthetic/imagens_videira/saudavel\saudavel_051.png,saudavel,256,256
saudavel_052.png,../data/synthetic/imagens_videira/saudavel\saudavel_052.png,saudavel,256,256
saudavel_053.png,../data/synthetic/imagens_videira/saudavel\saudavel_053.png,saudavel,256,256
saudavel_054.png,../data/synthetic/imagens_videira/saudavel\saudavel_054.png,saudavel,256,256
saudavel_055.png,../data/synthetic/imagens_videira/saudavel\saudavel_055.png,saudavel,256,256
saudavel_056.png,../data/synthetic/imagens_videira/saudavel\saudavel_056.png,saudavel,256,256
saudavel_057.png,../data/synthetic/imagens_videira/saudavel\saudavel_057.png,saudavel,256,256
saudavel_058.png,../data/synthetic/imagens_videira/saudavel\saudavel_058.png,saudavel,256,256
saudavel_059.png,../data/synthetic/imagens_videira/saudavel\saudavel_059.png,saudavel,256,256
saudavel_060.png,../data/synthetic/imagens_videira/saudavel\saudavel_060.png,saudavel,256,256
saudavel_061.png,../data/synthetic/imagens_videira/saudavel\saudavel_061.png,saudavel,256,256
saudavel_062.png,../data/synthetic/imagens_videira/saudavel\saudavel_062.png,saudavel,256,256
saudavel_063.png,../data/synthetic/imagens_videira/saudavel\saudavel_063.png,saudavel,256,256
saudavel_064.png,../data/synthetic/imagens_videira/saudavel\saudavel_064.png,saudavel,256,256
saudavel_065.png,../data/synthetic/imagens_videira/saudavel\saudavel_065.png,saudavel,256,256
saudavel_066.png,../data/synthetic/imagens_videira/saudavel\saudavel_066.png,saudavel,256,256
saudavel_067.png,../data/synthetic/imagens_videira/saudavel\saudavel_067.png,saudavel,256,256
saudavel_068.png,../data/synthetic/imagens_videira/saudavel\saudavel_068.png,saudavel,256,256
saudavel_069.png,../data/synthetic/imagens_videira/saudavel\saudavel_069.png,saudavel,256,256
saudavel_070.png,../data/synthetic/imagens_videira/saudavel\saudavel_070.png,saudavel,256,256
saudavel_071.png,../data/synthetic/imagens_videira/saudavel\saudavel_071.png,saudavel,256,256
saudavel_072.png,../data/synthetic/imagens_videira/saudavel\saudavel_072.png,saudavel,256,256
saudavel_073.png,../data/synthetic/imagens_videira/saudavel\saudavel_073.png,saudavel,256,256
saudavel_074.png,../data/synthetic/imagens_videira/saudavel\saudavel_074.png,saudavel,256,256
saudavel_075.png,../data/synthetic/imagens_videira/saudavel\saudavel_075.png,saudavel,256,256
saudavel_076.png,../data/synthetic/imagens_videira/saudavel\saudavel_076.png,saudavel,256,256
saudavel_077.png,../data/synthetic/imagens_videira/saudavel\saudavel_077.png,saudavel,256,256
saudavel_078.png,../data/synthetic/imagens_videira/saudavel\saudavel_078.png,saudavel,256,256
saudavel_079.png,../data/synthetic/imagens_videira/saudavel\saudavel_079.png,saudavel,256,256
saudavel_080.png,../data/synthetic/imagens_videira/saudavel\saudavel_080.png,saudavel,256,256
saudavel_081.png,../data/synthetic/imagens_videira/saudavel\saudavel_081.png,saudavel,256,256
saudavel_082.png,../data/synthetic/imagens_videira/saudavel\saudavel_082.png,saudavel,256,256
saudavel_083.png,../data/synthetic/imagens_videira/saudavel\saudavel_083.png,saudavel,256,256
saudavel_084.png,../data/synthetic/imagens_videira/saudavel\saudavel_084.png,saudavel,256,256
saudavel_085.png,../data/synthetic/imagens_videira/saudavel\saudavel_085.png,saudavel,256,256
saudavel_086.png,../data/synthetic/imagens_videira/saudavel\saudavel_086.png,saudavel,256,256
saudavel_087.png,../data/synthetic/imagens_videira/saudavel\saudavel_087.png,saudavel,256,256
saudavel_088.png,../data/synthetic/imagens_videira/saudavel\saudavel_088.png,saudavel,256,256
saudavel_089.png,../data/synthetic/imagens_videira/saudavel\saudavel_089.png,saudavel,256,256
saudavel_090.png,../data/synthetic/imagens_videira/saudavel\saudavel_090.png,saudavel,256,256
saudavel_091.png,../data/synthetic/imagens_videira/saudavel\saudavel_091.png,saudavel,256,256
saudavel_092.png,../data/synthetic/imagens_videira/saudavel\saudavel_092.png,saudavel,256,256
saudavel_093.png,../data/synthetic/imagens_videira/saudavel\saudavel_093.png,saudavel,256,256
saudavel_094.png,../data/synthetic/imagens_videira/saudavel\saudavel_094.png,saudavel,256,256
saudavel_095.png,../data/synthetic/imagens_videira/saudavel\saudavel_095.png,saudavel,256,256
saudavel_096.png,../data/synthetic/imagens_videira/saudavel\saudavel_096.png,saudavel,256,256
saudavel_097.png,../data/synthetic/imagens_videira/saudavel\saudavel_097.png,saudavel,256,256
saudavel_098.png,../data/synthetic/imagens_videira/saudavel\saudavel_098.png,saudavel,256,256
saudavel_099.png,../data/synthetic/imagens_videira/saudavel\saudavel_099.png,saudavel,256,256
saudavel_100.png,../data/synthetic/imagens_videira/saudavel\saudavel_100.png,saudavel,256,256
saudavel_101.png,../data/synthetic/imagens_videira/saudavel\saudavel_101.png,saudavel,256,256
saudavel_102.png,../data/synthetic/imagens_videira/saudavel\saudavel_102.png,saudavel,256,256
saudavel_103.png,../data/synthetic/imagens_videira/saudavel\saudavel_103.png,saudavel,256,256
saudavel_104.png,../data/synthetic/imagens_videira/saudavel\saudavel_104.png,saudavel,256,256
saudavel_105.png,../data/synthetic/imagens_videira/saudavel\saudavel_105.png,saudavel,256,256
saudavel_106.png,../data/synthetic/imagens_videira/saudavel\saudavel_106.png,saudavel,256,256
saudavel_107.png,../data/synthetic/imagens_videira/saudavel\saudavel_107.png,saudavel,256,256
saudavel_108.png,../data/synthetic/imagens_videira/saudavel\saudavel_108.png,saudavel,256,256
saudavel_109.png,../data/synthetic/imagens_videira/saudavel\saudavel_109.png,saudavel,256,256
saudavel_110.png,../data/synthetic/imagens_videira/saudavel\saudavel_110.png,saudavel,256,256
saudavel_111.png,../data/synthetic/imagens_videira/saudavel\saudavel_111.png,saudavel,256,256
saudavel_112.png,../data/synthetic/imagens_videira/saudavel\saudavel_112.png,saudavel,256,256
saudavel_113.png,../data/synthetic/imagens_videira/saudavel\saudavel_113.png,saudavel,256,256
saudavel_114.png,../data/synthetic/imagens_videira/saudavel\saudavel_114.png,saudavel,256,256
saudavel_115.png,../data/synthetic/imagens_videira/saudavel\saudavel_115.png,saudavel,256,256
saudavel_116.png,../data/synthetic/imagens_videira/saudavel\saudavel_116.png,saudavel,256,256
saudavel_117.png,../data/synthetic/imagens_videira/saudavel\saudavel_117.png,saudavel,256,256
saudavel_118.png,../data/synthetic/imagens_videira/saudavel\saudavel_118.png,saudavel,256,256
saudavel_119.png,../data/synthetic/imagens_videira/saudavel\saudavel_119.png,saudavel,256,256
saudavel_120.png,../data/synthetic/imagens_videira/saudavel\saudavel_120.png,saudavel,256,256
saudavel_121.png,../data/synthetic/imagens_videira/saudavel\saudavel_121.png,saudavel,256,256
saudavel_122.png,../data/synthetic/imagens_videira/saudavel\saudavel_122.png,saudavel,256,256
saudavel_123.png,../data/synthetic/imagens_videira/saudavel\saudavel_123.png,saudavel,256,256
saudavel_124.png,../data/synthetic/imagens_videira/saudavel\saudavel_124.png,saudavel,256,256
saudavel_125.png,../data/synthetic/imagens_videira/saudavel\saudavel_125.png,saudavel,256,256
saudavel_126.png,../data/synthetic/imagens_videira/saudavel\saudavel_126.png,saudavel,256,256
saudavel_127.png,../data/synthetic/imagens_videira/saudavel\saudavel_127.png,saudavel,256,256
saudavel_128.png,../data/synthetic/imagens_videira/saudavel\saudavel_128.png,saudavel,256,256
saudavel_129.png,../data/synthetic/imagens_videira/saudavel\saudavel_129.png,saudavel,256,256
saudavel_130.png,../data/synthetic/imagens_videira/saudavel\saudavel_130.png,saudavel,256,256
saudavel_131.png,../data/synthetic/imagens_videira/saudavel\saudavel_131.png,saudavel,256,256
saudavel_132.png,../data/synthetic/imagens_videira/saudavel\saudavel_132.png,saudavel,256,256
saudavel_133.png,../data/synthetic/imagens_videira/saudavel\saudavel_133.png,saudavel,256,256
saudavel_134.png,../data/synthetic/imagens_videira/saudavel\saudavel_134.png,saudavel,256,256
saudavel_135.png,../data/synthetic/imagens_videira/saudavel\saudavel_135.png,saudavel,256,256
saudavel_136.png,../data/synthetic/imagens_videira/saudavel\saudavel_136.png,saudavel,256,256
saudavel_137.png,../data/synthetic/imagens_videira/saudavel\saudavel_137.png,saudavel,256,256
saudavel_138.png,../data/synthetic/imagens_videira/saudavel\saudavel_138.png,saudavel,256,256
saudavel_139.png,../data/synthetic/imagens_videira/saudavel\saudavel_139.png,saudavel,256,256
saudavel_140.png,../data/synthetic/imagens_videira/saudavel\saudavel_140.png,saudavel,256,256
saudavel_141.png,../data/synthetic/imagens_videira/saudavel\saudavel_141.png,saudavel,256,256
saudavel_142.png,../data/synthetic/imagens_videira/saudavel\saudavel_142.png,saudavel,256,256
saudavel_143.png,../data/synthetic/imagens_videira/saudavel\saudavel_143.png,saudavel,256,256
saudavel_144.png,../data/synthetic/imagens_videira/saudavel\saudavel_144.png,saudavel,256,256
saudavel_145.png,../data/synthetic/imagens_videira/saudavel\saudavel_145.png,saudavel,256,256
saudavel_146.png,../data/synthetic/imagens_videira/saudavel\saudavel_146.png,saudavel,256,256
saudavel_147.png,../data/synthetic/imagens_videira/saudavel\saudavel_147.png,saudavel,256,256
saudavel_148.png,../data/synthetic/imagens_videira/saudavel\saudavel_148.png,saudavel,256,256
saudavel_149.png,../data/synthetic/imagens_videira/saudavel\saudavel_149.png,saudavel,256,256
saudavel_150.png,../data/synthetic/imagens_videira/saudavel\saudavel_150.png,saudavel,256,256
saudavel_151.png,../data/synthetic/imagens_videira/saudavel\saudavel_151.png,saudavel,256,256
saudavel_152.png,../data/synthetic/imagens_videira/saudavel\saudavel_152.png,saudavel,256,256
saudavel_153.png,../data/synthetic/imagens_videira/saudavel\saudavel_153.png,saudavel,256,256
saudavel_154.png,../data/synthetic/imagens_videira/saudavel\saudavel_154.png,saudavel,256,256
saudavel_155.png,../data/synthetic/imagens_videira/saudavel\saudavel_155.png,saudavel,256,256
saudavel_156.png,../data/synthetic/imagens_videira/saudavel\saudavel_156.png,saudavel,256,256
saudavel_157.png,../data/synthetic/imagens_videira/saudavel\saudavel_157.png,saudavel,256,256
saudavel_158.png,../data/synthetic/imagens_videira/saudavel\saudavel_158.png,saudavel,256,256
saudavel_159.png,../data/synthetic/imagens_videira/saudavel\saudavel_159.png,saudavel,256,256
saudavel_160.png,../data/synthetic/imagens_videira/saudavel\saudavel_160.png,saudavel,256,256
saudavel_161.png,../data/synthetic/imagens_videira/saudavel\saudavel_161.png,saudavel,256,256
saudavel_162.png,../data/synthetic/imagens_videira/saudavel\saudavel_162.png,saudavel,256,256
saudavel_163.png,../data/synthetic/imagens_videira/saudavel\saudavel_163.png,saudavel,256,256
saudavel_164.png,../data/synthetic/imagens_videira/saudavel\saudavel_164.png,saudavel,256,256
saudavel_165.png,../data/synthetic/imagens_videira/saudavel\saudavel_165.png,saudavel,256,256
saudavel_166.png,../data/synthetic/imagens_videira/saudavel\saudavel_166.png,saudavel,256,256
saudavel_167.png,../data/synthetic/imagens_videira/saudavel\saudavel_167.png,saudavel,256,256
saudavel_168.png,../data/synthetic/imagens_videira/saudavel\saudavel_168.png,saudavel,256,256
saudavel_169.png,../data/synthetic/imagens_videira/saudavel\saudavel_169.png,saudavel,256,256
saudavel_170.png,../data/synthetic/imagens_videira/saudavel\saudavel_170.png,saudavel,256,256
saudavel_171.png,../data/synthetic/imagens_videira/saudavel\saudavel_171.png,saudavel,256,256
saudavel_172.png,../data/synthetic/imagens_videira/saudavel\saudavel_172.png,saudavel,256,256
saudavel_173.png,../data/synthetic/imagens_videira/saudavel\saudavel_173.png,saudavel,256,256
saudavel_174.png,../data/synthetic/imagens_videira/saudavel\saudavel_174.png,saudavel,256,256
saudavel_175.png,../data/synthetic/imagens_videira/saudavel\saudavel_175.png,saudavel,256,256
saudavel_176.png,../data/synthetic/imagens_videira/saudavel\saudavel_176.png,saudavel,256,256
saudavel_177.png,../data/synthetic/imagens_videira/saudavel\saudavel_177.png,saudavel,256,256
saudavel_178.png,../data/synthetic/imagens_videira/saudavel\saudavel_178.png,saudavel,256,256
saudavel_179.png,../data/synthetic/imagens_videira/saudavel\saudavel_179.png,saudavel,256,256
saudavel_180.png,../data/synthetic/imagens_videira/saudavel\saudavel_180.png,saudavel,256,256
saudavel_181.png,../data/synthetic/imagens_videira/saudavel\saudavel_181.png,saudavel,256,256
saudavel_182.png,../data/synthetic/imagens_videira/saudavel\saudavel_182.png,saudavel,256,256
saudavel_183.png,../data/synthetic/imagens_videira/saudavel\saudavel_183.png,saudavel,256,256
saudavel_184.png,../data/synthetic/imagens_videira/saudavel\saudavel_184.png,saudavel,256,256
saudavel_185.png,../data/synthetic/imagens_videira/saudavel\saudavel_185.png,saudavel,256,256
saudavel_186.png,../data/synthetic/imagens_videira/saudavel\saudavel_186.png,saudavel,256,256
saudavel_187.png,../data/synthetic/imagens_videira/saudavel\saudavel_187.png,saudavel,256,256
saudavel_188.png,../data/synthetic/imagens_videira/saudavel\saudavel_188.png,saudavel,256,256
saudavel_189.png,../data/synthetic/imagens_videira/saudavel\saudavel_189.png,saudavel,256,256
saudavel_190.png,../data/synthetic/imagens_videira/saudavel\saudavel_190.png,saudavel,256,256
saudavel_191.png,../data/synthetic/imagens_videira/saudavel\saudavel_191.png,saudavel,256,256
saudavel_192.png,../data/synthetic/imagens_videira/saudavel\saudavel_192.png,saudavel,256,256
saudavel_193.png,../data/synthetic/imagens_videira/saudavel\saudavel_193.png,saudavel,256,256
saudavel_194.png,../data/synthetic/imagens_videira/saudavel\saudavel_194.png,saudavel,256,256
saudavel_195.png,../data/synthetic/imagens_videira/saudavel\saudavel_195.png,saudavel,256,256
saudavel_196.png,../data/synthetic/imagens_videira/saudavel\saudavel_196.png,saudavel,256,256
saudavel_197.png,../data/synthetic/imagens_videira/saudavel\saudavel_197.png,saudavel,256,256
saudavel_198.png,../data/synthetic/imagens_videira/saudavel\saudavel_198.png,saudavel,256,256
saudavel_199.png,../data/synthetic/imagens_videira/saudavel\saudavel_199.png,saudavel,256,256
mildio_000.png,../data/synthetic/imagens_videira/mildio\mildio_000.png,mildio,256,256
mildio_001.png,../data/synthetic/imagens_videira/mildio\mildio_001.png,mildio,256,256
mildio_002.png,../data/synthetic/imagens_videira/mildio\mildio_002.png,mildio,256,256
mildio_003.png,../data/synthetic/imagens_videira/mildio\mildio_003.png,mildio,256,256
mildio_004.png,../data/synthetic/imagens_videira/mildio\mildio_004.png,mildio,256,256
mildio_005.png,../data/synthetic/imagens_videira/mildio\mildio_005.png,mildio,256,256
mildio_006.png,../data/synthetic/imagens_videira/mildio\mildio_006.png,mildio,256,256
mildio_007.png,../data/synthetic/imagens_videira/mildio\mildio_007.png,mildio,256,256
mildio_008.png,../data/synthetic/imagens_videira/mildio\mildio_008.png,mildio,256,256
mildio_009.png,../data/synthetic/imagens_videira/mildio\mildio_009.png,mildio,256,256
mildio_010.png,../data/synthetic/imagens_videira/mildio\mildio_010.png,mildio,256,256
mildio_011.png,../data/synthetic/imagens_videira/mildio\mildio_011.png,mildio,256,256
mildio_012.png,../data/synthetic/imagens_videira/mildio\mildio_012.png,mildio,256,256
mildio_013.png,../data/synthetic/imagens_videira/mildio\mildio_013.png,mildio,256,256
mildio_014.png,../data/synthetic/imagens_videira/mildio\mildio_014.png,mildio,256,256
mildio_015.png,../data/synthetic/imagens_videira/mildio\mildio_015.png,mildio,256,256
mildio_016.png,../data/synthetic/imagens_videira/mildio\mildio_016.png,mildio,256,256
mildio_017.png,../data/synthetic/imagens_videira/mildio\mildio_017.png,mildio,256,256
mildio_018.png,../data/synthetic/imagens_videira/mildio\mildio_018.png,mildio,256,256
mildio_019.png,../data/synthetic/imagens_videira/mildio\mildio_019.png,mildio,256,256
mildio_020.png,../data/synthetic/imagens_videira/mildio\mildio_020.png,mildio,256,256
mildio_021.png,../data/synthetic/imagens_videira/mildio\mildio_021.png,mildio,256,256
mildio_022.png,../data/synthetic/imagens_videira/mildio\mildio_022.png,mildio,256,256
mildio_023.png,../data/synthetic/imagens_videira/mildio\mildio_023.png,mildio,256,256
mildio_024.png,../data/synthetic/imagens_videira/mildio\mildio_024.png,mildio,256,256
mildio_025.png,../data/synthetic/imagens_videira/mildio\mildio_025.png,mildio,256,256
mildio_026.png,../data/synthetic/imagens_videira/mildio\mildio_026.png,mildio,256,256
mildio_027.png,../data/synthetic/imagens_videira/mildio\mildio_027.png,mildio,256,256
mildio_028.png,../data/synthetic/imagens_videira/mildio\mildio_028.png,mildio,256,256
mildio_029.png,../data/synthetic/imagens_videira/mildio\mildio_029.png,mildio,256,256
mildio_030.png,../data/synthetic/imagens_videira/mildio\mildio_030.png,mildio,256,256
mildio_031.png,../data/synthetic/imagens_videira/mildio\mildio_031.png,mildio,256,256
mildio_032.png,../data/synthetic/imagens_videira/mildio\mildio_032.png,mildio,256,256
mildio_033.png,../data/synthetic/imagens_videira/mildio\mildio_033.png,mildio,256,256
mildio_034.png,../data/synthetic/imagens_videira/mildio\mildio_034.png,mildio,256,256
mildio_035.png,../data/synthetic/imagens_videira/mildio\mildio_035.png,mildio,256,256
mildio_036.png,../data/synthetic/imagens_videira/mildio\mildio_036.png,mildio,256,256
mildio_037.png,../data/synthetic/imagens_videira/mildio\mildio_037.png,mildio,256,256
mildio_038.png,../data/synthetic/imagens_videira/mildio\mildio_038.png,mildio,256,256
mildio_039.png,../data/synthetic/imagens_videira/mildio\mildio_039.png,mildio,256,256
mildio_040.png,../data/synthetic/imagens_videira/mildio\mildio_040.png,mildio,256,256
mildio_041.png,../data/synthetic/imagens_videira/mildio\mildio_041.png,mildio,256,256
mildio_042.png,../data/synthetic/imagens_videira/mildio\mildio_042.png,mildio,256,256
mildio_043.png,../data/synthetic/imagens_videira/mildio\mildio_043.png,mildio,256,256
mildio_044.png,../data/synthetic/imagens_videira/mildio\mildio_044.png,mildio,256,256
mildio_045.png,../data/synthetic/imagens_videira/mildio\mildio_045.png,mildio,256,256
mildio_046.png,../data/synthetic/imagens_videira/mildio\mildio_046.png,mildio,256,256
mildio_047.png,../data/synthetic/imagens_videira/mildio\mildio_047.png,mildio,256,256
mildio_048.png,../data/synthetic/imagens_videira/mildio\mildio_048.png,mildio,256,256
mildio_049.png,../data/synthetic/imagens_videira/mildio\mildio_049.png,mildio,256,256
mildio_050.png,../data/synthetic/imagens_videira/mildio\mildio_050.png,mildio,256,256
mildio_051.png,../data/synthetic/imagens_videira/mildio\mildio_051.png,mildio,256,256
mildio_052.png,../data/synthetic/imagens_videira/mildio\mildio_052.png,mildio,256,256
mildio_053.png,../data/synthetic/imagens_videira/mildio\mildio_053.png,mildio,256,256
mildio_054.png,../data/synthetic/imagens_videira/mildio\mildio_054.png,mildio,256,256
mildio_055.png,../data/synthetic/imagens_videira/mildio\mildio_055.png,mildio,256,256
mildio_056.png,../data/synthetic/imagens_videira/mildio\mildio_056.png,mildio,256,256
mildio_057.png,../data/synthetic/imagens_videira/mildio\mildio_057.png,mildio,256,256
mildio_058.png,../data/synthetic/imagens_videira/mildio\mildio_058.png,mildio,256,256
mildio_059.png,../data/synthetic/imagens_videira/mildio\mildio_059.png,mildio,256,256
mildio_060.png,../data/synthetic/imagens_videira/mildio\mildio_060.png,mildio,256,256
mildio_061.png,../data/synthetic/imagens_videira/mildio\mildio_061.png,mildio,256,256
mildio_062.png,../data/synthetic/imagens_videira/mildio\mildio_062.png,mildio,256,256
mildio_063.png,../data/synthetic/imagens_videira/mildio\mildio_063.png,mildio,256,256
mildio_064.png,../data/synthetic/imagens_videira/mildio\mildio_064.png,mildio,256,256
mildio_065.png,../data/synthetic/imagens_videira/mildio\mildio_065.png,mildio,256,256
mildio_066.png,../data/synthetic/imagens_videira/mildio\mildio_066.png,mildio,256,256
mildio_067.png,../data/synthetic/imagens_videira/mildio\mildio_067.png,mildio,256,256
mildio_068.png,../data/synthetic/imagens_videira/mildio\mildio_068.png,mildio,256,256
mildio_069.png,../data/synthetic/imagens_videira/mildio\mildio_069.png,mildio,256,256
mildio_070.png,../data/synthetic/imagens_videira/mildio\mildio_070.png,mildio,256,256
mildio_071.png,../data/synthetic/imagens_videira/mildio\mildio_071.png,mildio,256,256
mildio_072.png,../data/synthetic/imagens_videira/mildio\mildio_072.png,mildio,256,256
mildio_073.png,../data/synthetic/imagens_videira/mildio\mildio_073.png,mildio,256,256
mildio_074.png,../data/synthetic/imagens_videira/mildio\mildio_074.png,mildio,256,256
mildio_075.png,../data/synthetic/imagens_videira/mildio\mildio_075.png,mildio,256,256
mildio_076.png,../data/synthetic/imagens_videira/mildio\mildio_076.png,mildio,256,256
mildio_077.png,../data/synthetic/imagens_videira/mildio\mildio_077.png,mildio,256,256
mildio_078.png,../data/synthetic/imagens_videira/mildio\mildio_078.png,mildio,256,256
mildio_079.png,../data/synthetic/imagens_videira/mildio\mildio_079.png,mildio,256,256
mildio_080.png,../data/synthetic/imagens_videira/mildio\mildio_080.png,mildio,256,256
mildio_081.png,../data/synthetic/imagens_videira/mildio\mildio_081.png,mildio,256,256
mildio_082.png,../data/synthetic/imagens_videira/mildio\mildio_082.png,mildio,256,256
mildio_083.png,../data/synthetic/imagens_videira/mildio\mildio_083.png,mildio,256,256
mildio_084.png,../data/synthetic/imagens_videira/mildio\mildio_084.png,mildio,256,256
mildio_085.png,../data/synthetic/imagens_videira/mildio\mildio_085.png,mildio,256,256
mildio_086.png,../data/synthetic/imagens_videira/mildio\mildio_086.png,mildio,256,256
mildio_087.png,../data/synthetic/imagens_videira/mildio\mildio_087.png,mildio,256,256
mildio_088.png,../data/synthetic/imagens_videira/mildio\mildio_088.png,mildio,256,256
mildio_089.png,../data/synthetic/imagens_videira/mildio\mildio_089.png,mildio,256,256
mildio_090.png,../data/synthetic/imagens_videira/mildio\mildio_090.png,mildio,256,256
mildio_091.png,../data/synthetic/imagens_videira/mildio\mildio_091.png,mildio,256,256
mildio_092.png,../data/synthetic/imagens_videira/mildio\mildio_092.png,mildio,256,256
mildio_093.png,../data/synthetic/imagens_videira/mildio\mildio_093.png,mildio,256,256
mildio_094.png,../data/synthetic/imagens_videira/mildio\mildio_094.png,mildio,256,256
mildio_095.png,../data/synthetic/imagens_videira/mildio\mildio_095.png,mildio,256,256
mildio_096.png,../data/synthetic/imagens_videira/mildio\mildio_096.png,mildio,256,256
mildio_097.png,../data/synthetic/imagens_videira/mildio\mildio_097.png,mildio,256,256
mildio_098.png,../data/synthetic/imagens_videira/mildio\mildio_098.png,mildio,256,256
mildio_099.png,../data/synthetic/imagens_videira/mildio\mildio_099.png,mildio,256,256
mildio_100.png,../data/synthetic/imagens_videira/mildio\mildio_100.png,mildio,256,256
mildio_101.png,../data/synthetic/imagens_videira/mildio\mildio_101.png,mildio,256,256
mildio_102.png,../data/synthetic/imagens_videira/mildio\mildio_102.png,mildio,256,256
mildio_103.png,../data/synthetic/imagens_videira/mildio\mildio_103.png,mildio,256,256
mildio_104.png,../data/synthetic/imagens_videira/mildio\mildio_104.png,mildio,256,256
mildio_105.png,../data/synthetic/imagens_videira/mildio\mildio_105.png,mildio,256,256
mildio_106.png,../data/synthetic/imagens_videira/mildio\mildio_106.png,mildio,256,256
mildio_107.png,../data/synthetic/imagens_videira/mildio\mildio_107.png,mildio,256,256
mildio_108.png,../data/synthetic/imagens_videira/mildio\mildio_108.png,mildio,256,256
mildio_109.png,../data/synthetic/imagens_videira/mildio\mildio_109.png,mildio,256,256
mildio_110.png,../data/synthetic/imagens_videira/mildio\mildio_110.png,mildio,256,256
mildio_111.png,../data/synthetic/imagens_videira/mildio\mildio_111.png,mildio,256,256
mildio_112.png,../data/synthetic/imagens_videira/mildio\mildio_112.png,mildio,256,256
mildio_113.png,../data/synthetic/imagens_videira/mildio\mildio_113.png,mildio,256,256
mildio_114.png,../data/synthetic/imagens_videira/mildio\mildio_114.png,mildio,256,256
mildio_115.png,../data/synthetic/imagens_videira/mildio\mildio_115.png,mildio,256,256
mildio_116.png,../data/synthetic/imagens_videira/mildio\mildio_116.png,mildio,256,256
mildio_117.png,../data/synthetic/imagens_videira/mildio\mildio_117.png,mildio,256,256
mildio_118.png,../data/synthetic/imagens_videira/mildio\mildio_118.png,mildio,256,256
mildio_119.png,../data/synthetic/imagens_videira/mildio\mildio_119.png,mildio,256,256
mildio_120.png,../data/synthetic/imagens_videira/mildio\mildio_120.png,mildio,256,256
mildio_121.png,../data/synthetic/imagens_videira/mildio\mildio_121.png,mildio,256,256
mildio_122.png,../data/synthetic/imagens_videira/mildio\mildio_122.png,mildio,256,256
mildio_123.png,../data/synthetic/imagens_videira/mildio\mildio_123.png,mildio,256,256
mildio_124.png,../data/synthetic/imagens_videira/mildio\mildio_124.png,mildio,256,256
mildio_125.png,../data/synthetic/imagens_videira/mildio\mildio_125.png,mildio,256,256
mildio_126.png,../data/synthetic/imagens_videira/mildio\mildio_126.png,mildio,256,256
mildio_127.png,../data/synthetic/imagens_videira/mildio\mildio_127.png,mildio,256,256
mildio_128.png,../data/synthetic/imagens_videira/mildio\mildio_128.png,mildio,256,256
mildio_129.png,../data/synthetic/imagens_videira/mildio\mildio_129.png,mildio,256,256
mildio_130.png,../data/synthetic/imagens_videira/mildio\mildio_130.png,mildio,256,256
mildio_131.png,../data/synthetic/imagens_videira/mildio\mildio_131.png,mildio,256,256
mildio_132.png,../data/synthetic/imagens_videira/mildio\mildio_132.png,mildio,256,256
mildio_133.png,../data/synthetic/imagens_videira/mildio\mildio_133.png,mildio,256,256
mildio_134.png,../data/synthetic/imagens_videira/mildio\mildio_134.png,mildio,256,256
mildio_135.png,../data/synthetic/imagens_videira/mildio\mildio_135.png,mildio,256,256
mildio_136.png,../data/synthetic/imagens_videira/mildio\mildio_136.png,mildio,256,256
mildio_137.png,../data/synthetic/imagens_videira/mildio\mildio_137.png,mildio,256,256
mildio_138.png,../data/synthetic/imagens_videira/mildio\mildio_138.png,mildio,256,256
mildio_139.png,../data/synthetic/imagens_videira/mildio\mildio_139.png,mildio,256,256
mildio_140.png,../data/synthetic/imagens_videira/mildio\mildio_140.png,mildio,256,256
mildio_141.png,../data/synthetic/imagens_videira/mildio\mildio_141.png,mildio,256,256
mildio_142.png,../data/synthetic/imagens_videira/mildio\mildio_142.png,mildio,256,256
mildio_143.png,../data/synthetic/imagens_videira/mildio\mildio_143.png,mildio,256,256
mildio_144.png,../data/synthetic/imagens_videira/mildio\mildio_144.png,mildio,256,256
mildio_145.png,../data/synthetic/imagens_videira/mildio\mildio_145.png,mildio,256,256
mildio_146.png,../data/synthetic/imagens_videira/mildio\mildio_146.png,mildio,256,256
mildio_147.png,../data/synthetic/imagens_videira/mildio\mildio_147.png,mildio,256,256
mildio_148.png,../data/synthetic/imagens_videira/mildio\mildio_148.png,mildio,256,256
mildio_149.png,../data/synthetic/imagens_videira/mildio\mildio_149.png,mildio,256,256
mildio_150.png,../data/synthetic/imagens_videira/mildio\mildio_150.png,mildio,256,256
mildio_151.png,../data/synthetic/imagens_videira/mildio\mildio_151.png,mildio,256,256
mildio_152.png,../data/synthetic/imagens_videira/mildio\mildio_152.png,mildio,256,256
mildio_153.png,../data/synthetic/imagens_videira/mildio\mildio_153.png,mildio,256,256
mildio_154.png,../data/synthetic/imagens_videira/mildio\mildio_154.png,mildio,256,256
mildio_155.png,../data/synthetic/imagens_videira/mildio\mildio_155.png,mildio,256,256
mildio_156.png,../data/synthetic/imagens_videira/mildio\mildio_156.png,mildio,256,256
mildio_157.png,../data/synthetic/imagens_videira/mildio\mildio_157.png,mildio,256,256
mildio_158.png,../data/synthetic/imagens_videira/mildio\mildio_158.png,mildio,256,256
mildio_159.png,../data/synthetic/imagens_videira/mildio\mildio_159.png,mildio,256,256
mildio_160.png,../data/synthetic/imagens_videira/mildio\mildio_160.png,mildio,256,256
mildio_161.png,../data/synthetic/imagens_videira/mildio\mildio_161.png,mildio,256,256
mildio_162.png,../data/synthetic/imagens_videira/mildio\mildio_162.png,mildio,256,256
mildio_163.png,../data/synthetic/imagens_videira/mildio\mildio_163.png,mildio,256,256
mildio_164.png,../data/synthetic/imagens_videira/mildio\mildio_164.png,mildio,256,256
mildio_165.png,../data/synthetic/imagens_videira/mildio\mildio_165.png,mildio,256,256
mildio_166.png,../data/synthetic/imagens_videira/mildio\mildio_166.png,mildio,256,256
mildio_167.png,../data/synthetic/imagens_videira/mildio\mildio_167.png,mildio,256,256
mildio_168.png,../data/synthetic/imagens_videira/mildio\mildio_168.png,mildio,256,256
mildio_169.png,../data/synthetic/imagens_videira/mildio\mildio_169.png,mildio,256,256
mildio_170.png,../data/synthetic/imagens_videira/mildio\mildio_170.png,mildio,256,256
mildio_171.png,../data/synthetic/imagens_videira/mildio\mildio_171.png,mildio,256,256
mildio_172.png,../data/synthetic/imagens_videira/mildio\mildio_172.png,mildio,256,256
mildio_173.png,../data/synthetic/imagens_videira/mildio\mildio_173.png,mildio,256,256
mildio_174.png,../data/synthetic/imagens_videira/mildio\mildio_174.png,mildio,256,256
mildio_175.png,../data/synthetic/imagens_videira/mildio\mildio_175.png,mildio,256,256
mildio_176.png,../data/synthetic/imagens_videira/mildio\mildio_176.png,mildio,256,256
mildio_177.png,../data/synthetic/imagens_videira/mildio\mildio_177.png,mildio,256,256
mildio_178.png,../data/synthetic/imagens_videira/mildio\mildio_178.png,mildio,256,256
mildio_179.png,../data/synthetic/imagens_videira/mildio\mildio_179.png,mildio,256,256
mildio_180.png,../data/synthetic/imagens_videira/mildio\mildio_180.png,mildio,256,256
mildio_181.png,../data/synthetic/imagens_videira/mildio\mildio_181.png,mildio,256,256
mildio_182.png,../data/synthetic/imagens_videira/mildio\mildio_182.png,mildio,256,256
mildio_183.png,../data/synthetic/imagens_videira/mildio\mildio_183.png,mildio,256,256
mildio_184.png,../data/synthetic/imagens_videira/mildio\mildio_184.png,mildio,256,256
mildio_185.png,../data/synthetic/imagens_videira/mildio\mildio_185.png,mildio,256,256
mildio_186.png,../data/synthetic/imagens_videira/mildio\mildio_186.png,mildio,256,256
mildio_187.png,../data/synthetic/imagens_videira/mildio\mildio_187.png,mildio,256,256
mildio_188.png,../data/synthetic/imagens_videira/mildio\mildio_188.png,mildio,256,256
mildio_189.png,../data/synthetic/imagens_videira/mildio\mildio_189.png,mildio,256,256
mildio_190.png,../data/synthetic/imagens_videira/mildio\mildio_190.png,mildio,256,256
mildio_191.png,../data/synthetic/imagens_videira/mildio\mildio_191.png,mildio,256,256
mildio_192.png,../data/synthetic/imagens_videira/mildio\mildio_192.png,mildio,256,256
mildio_193.png,../data/synthetic/imagens_videira/mildio\mildio_193.png,mildio,256,256
mildio_194.png,../data/synthetic/imagens_videira/mildio\mildio_194.png,mildio,256,256
mildio_195.png,../data/synthetic/imagens_videira/mildio\mildio_195.png,mildio,256,256
mildio_196.png,../data/synthetic/imagens_videira/mildio\mildio_196.png,mildio,256,256
mildio_197.png,../data/synthetic/imagens_videira/mildio\mildio_197.png,mildio,256,256
mildio_198.png,../data/synthetic/imagens_videira/mildio\mildio_198.png,mildio,256,256
mildio_199.png,../data/synthetic/imagens_videira/mildio\mildio_199.png,mildio,256,256
oidio_000.png,../data/synthetic/imagens_videira/oidio\oidio_000.png,oidio,256,256
oidio_001.png,../data/synthetic/imagens_videira/oidio\oidio_001.png,oidio,256,256
oidio_002.png,../data/synthetic/imagens_videira/oidio\oidio_002.png,oidio,256,256
oidio_003.png,../data/synthetic/imagens_videira/oidio\oidio_003.png,oidio,256,256
oidio_004.png,../data/synthetic/imagens_videira/oidio\oidio_004.png,oidio,256,256
oidio_005.png,../data/synthetic/imagens_videira/oidio\oidio_005.png,oidio,256,256
oidio_006.png,../data/synthetic/imagens_videira/oidio\oidio_006.png,oidio,256,256
oidio_007.png,../data/synthetic/imagens_videira/oidio\oidio_007.png,oidio,256,256
oidio_008.png,../data/synthetic/imagens_videira/oidio\oidio_008.png,oidio,256,256
oidio_009.png,../data/synthetic/imagens_videira/oidio\oidio_009.png,oidio,256,256
oidio_010.png,../data/synthetic/imagens_videira/oidio\oidio_010.png,oidio,256,256
oidio_011.png,../data/synthetic/imagens_videira/oidio\oidio_011.png,oidio,256,256
oidio_012.png,../data/synthetic/imagens_videira/oidio\oidio_012.png,oidio,256,256
oidio_013.png,../data/synthetic/imagens_videira/oidio\oidio_013.png,oidio,256,256
oidio_014.png,../data/synthetic/imagens_videira/oidio\oidio_014.png,oidio,256,256
oidio_015.png,../data/synthetic/imagens_videira/oidio\oidio_015.png,oidio,256,256
oidio_016.png,../data/synthetic/imagens_videira/oidio\oidio_016.png,oidio,256,256
oidio_017.png,../data/synthetic/imagens_videira/oidio\oidio_017.png,oidio,256,256
oidio_018.png,../data/synthetic/imagens_videira/oidio\oidio_018.png,oidio,256,256
oidio_019.png,../data/synthetic/imagens_videira/oidio\oidio_019.png,oidio,256,256
oidio_020.png,../data/synthetic/imagens_videira/oidio\oidio_020.png,oidio,256,256
oidio_021.png,../data/synthetic/imagens_videira/oidio\oidio_021.png,oidio,256,256
oidio_022.png,../data/synthetic/imagens_videira/oidio\oidio_022.png,oidio,256,256
oidio_023.png,../data/synthetic/imagens_videira/oidio\oidio_023.png,oidio,256,256
oidio_024.png,../data/synthetic/imagens_videira/oidio\oidio_024.png,oidio,256,256
oidio_025.png,../data/synthetic/imagens_videira/oidio\oidio_025.png,oidio,256,256
oidio_026.png,../data/synthetic/imagens_videira/oidio\oidio_026.png,oidio,256,256
oidio_027.png,../data/synthetic/imagens_videira/oidio\oidio_027.png,oidio,256,256
oidio_028.png,../data/synthetic/imagens_videira/oidio\oidio_028.png,oidio,256,256
oidio_029.png,../data/synthetic/imagens_videira/oidio\oidio_029.png,oidio,256,256
oidio_030.png,../data/synthetic/imagens_videira/oidio\oidio_030.png,oidio,256,256
oidio_031.png,../data/synthetic/imagens_videira/oidio\oidio_031.png,oidio,256,256
oidio_032.png,../data/synthetic/imagens_videira/oidio\oidio_032.png,oidio,256,256
oidio_033.png,../data/synthetic/imagens_videira/oidio\oidio_033.png,oidio,256,256
oidio_034.png,../data/synthetic/imagens_videira/oidio\oidio_034.png,oidio,256,256
oidio_035.png,../data/synthetic/imagens_videira/oidio\oidio_035.png,oidio,256,256
oidio_036.png,../data/synthetic/imagens_videira/oidio\oidio_036.png,oidio,256,256
oidio_037.png,../data/synthetic/imagens_videira/oidio\oidio_037.png,oidio,256,256
oidio_038.png,../data/synthetic/imagens_videira/oidio\oidio_038.png,oidio,256,256
oidio_039.png,../data/synthetic/imagens_videira/oidio\oidio_039.png,oidio,256,256
oidio_040.png,../data/synthetic/imagens_videira/oidio\oidio_040.png,oidio,256,256
oidio_041.png,../data/synthetic/imagens_videira/oidio\oidio_041.png,oidio,256,256
oidio_042.png,../data/synthetic/imagens_videira/oidio\oidio_042.png,oidio,256,256
oidio_043.png,../data/synthetic/imagens_videira/oidio\oidio_043.png,oidio,256,256
oidio_044.png,../data/synthetic/imagens_videira/oidio\oidio_044.png,oidio,256,256
oidio_045.png,../data/synthetic/imagens_videira/oidio\oidio_045.png,oidio,256,256
oidio_046.png,../data/synthetic/imagens_videira/oidio\oidio_046.png,oidio,256,256
oidio_047.png,../data/synthetic/imagens_videira/oidio\oidio_047.png,oidio,256,256
oidio_048.png,../data/synthetic/imagens_videira/oidio\oidio_048.png,oidio,256,256
oidio_049.png,../data/synthetic/imagens_videira/oidio\oidio_049.png,oidio,256,256
oidio_050.png,../data/synthetic/imagens_videira/oidio\oidio_050.png,oidio,256,256
oidio_051.png,../data/synthetic/imagens_videira/oidio\oidio_051.png,oidio,256,256
oidio_052.png,../data/synthetic/imagens_videira/oidio\oidio_052.png,oidio,256,256
oidio_053.png,../data/synthetic/imagens_videira/oidio\oidio_053.png,oidio,256,256
oidio_054.png,../data/synthetic/imagens_videira/oidio\oidio_054.png,oidio,256,256
oidio_055.png,../data/synthetic/imagens_videira/oidio\oidio_055.png,oidio,256,256
oidio_056.png,../data/synthetic/imagens_videira/oidio\oidio_056.png,oidio,256,256
oidio_057.png,../data/synthetic/imagens_videira/oidio\oidio_057.png,oidio,256,256
oidio_058.png,../data/synthetic/imagens_videira/oidio\oidio_058.png,oidio,256,256
oidio_059.png,../data/synthetic/imagens_videira/oidio\oidio_059.png,oidio,256,256
oidio_060.png,../data/synthetic/imagens_videira/oidio\oidio_060.png,oidio,256,256
oidio_061.png,../data/synthetic/imagens_videira/oidio\oidio_061.png,oidio,256,256
oidio_062.png,../data/synthetic/imagens_videira/oidio\oidio_062.png,oidio,256,256
oidio_063.png,../data/synthetic/imagens_videira/oidio\oidio_063.png,oidio,256,256
oidio_064.png,../data/synthetic/imagens_videira/oidio\oidio_064.png,oidio,256,256
oidio_065.png,../data/synthetic/imagens_videira/oidio\oidio_065.png,oidio,256,256
oidio_066.png,../data/synthetic/imagens_videira/oidio\oidio_066.png,oidio,256,256
oidio_067.png,../data/synthetic/imagens_videira/oidio\oidio_067.png,oidio,256,256
oidio_068.png,../data/synthetic/imagens_videira/oidio\oidio_068.png,oidio,256,256
oidio_069.png,../data/synthetic/imagens_videira/oidio\oidio_069.png,oidio,256,256
oidio_070.png,../data/synthetic/imagens_videira/oidio\oidio_070.png,oidio,256,256
oidio_071.png,../data/synthetic/imagens_videira/oidio\oidio_071.png,oidio,256,256
oidio_072.png,../data/synthetic/imagens_videira/oidio\oidio_072.png,oidio,256,256
oidio_073.png,../data/synthetic/imagens_videira/oidio\oidio_073.png,oidio,256,256
oidio_074.png,../data/synthetic/imagens_videira/oidio\oidio_074.png,oidio,256,256
oidio_075.png,../data/synthetic/imagens_videira/oidio\oidio_075.png,oidio,256,256
oidio_076.png,../data/synthetic/imagens_videira/oidio\oidio_076.png,oidio,256,256
oidio_077.png,../data/synthetic/imagens_videira/oidio\oidio_077.png,oidio,256,256
oidio_078.png,../data/synthetic/imagens_videira/oidio\oidio_078.png,oidio,256,256
oidio_079.png,../data/synthetic/imagens_videira/oidio\oidio_079.png,oidio,256,256
oidio_080.png,../data/synthetic/imagens_videira/oidio\oidio_080.png,oidio,256,256
oidio_081.png,../data/synthetic/imagens_videira/oidio\oidio_081.png,oidio,256,256
oidio_082.png,../data/synthetic/imagens_videira/oidio\oidio_082.png,oidio,256,256
oidio_083.png,../data/synthetic/imagens_videira/oidio\oidio_083.png,oidio,256,256
oidio_084.png,../data/synthetic/imagens_videira/oidio\oidio_084.png,oidio,256,256
oidio_085.png,../data/synthetic/imagens_videira/oidio\oidio_085.png,oidio,256,256
oidio_086.png,../data/synthetic/imagens_videira/oidio\oidio_086.png,oidio,256,256
oidio_087.png,../data/synthetic/imagens_videira/oidio\oidio_087.png,oidio,256,256
oidio_088.png,../data/synthetic/imagens_videira/oidio\oidio_088.png,oidio,256,256
oidio_089.png,../data/synthetic/imagens_videira/oidio\oidio_089.png,oidio,256,256
oidio_090.png,../data/synthetic/imagens_videira/oidio\oidio_090.png,oidio,256,256
oidio_091.png,../data/synthetic/imagens_videira/oidio\oidio_091.png,oidio,256,256
oidio_092.png,../data/synthetic/imagens_videira/oidio\oidio_092.png,oidio,256,256
oidio_093.png,../data/synthetic/imagens_videira/oidio\oidio_093.png,oidio,256,256
oidio_094.png,../data/synthetic/imagens_videira/oidio\oidio_094.png,oidio,256,256
oidio_095.png,../data/synthetic/imagens_videira/oidio\oidio_095.png,oidio,256,256
oidio_096.png,../data/synthetic/imagens_videira/oidio\oidio_096.png,oidio,256,256
oidio_097.png,../data/synthetic/imagens_videira/oidio\oidio_097.png,oidio,256,256
oidio_098.png,../data/synthetic/imagens_videira/oidio\oidio_098.png,oidio,256,256
oidio_099.png,../data/synthetic/imagens_videira/oidio\oidio_099.png,oidio,256,256
oidio_100.png,../data/synthetic/imagens_videira/oidio\oidio_100.png,oidio,256,256
oidio_101.png,../data/synthetic/imagens_videira/oidio\oidio_101.png,oidio,256,256
oidio_102.png,../data/synthetic/imagens_videira/oidio\oidio_102.png,oidio,256,256
oidio_103.png,../data/synthetic/imagens_videira/oidio\oidio_103.png,oidio,256,256
oidio_104.png,../data/synthetic/imagens_videira/oidio\oidio_104.png,oidio,256,256
oidio_105.png,../data/synthetic/imagens_videira/oidio\oidio_105.png,oidio,256,256
oidio_106.png,../data/synthetic/imagens_videira/oidio\oidio_106.png,oidio,256,256
oidio_107.png,../data/synthetic/imagens_videira/oidio\oidio_107.png,oidio,256,256
oidio_108.png,../data/synthetic/imagens_videira/oidio\oidio_108.png,oidio,256,256
oidio_109.png,../data/synthetic/imagens_videira/oidio\oidio_109.png,oidio,256,256
oidio_110.png,../data/synthetic/imagens_videira/oidio\oidio_110.png,oidio,256,256
oidio_111.png,../data/synthetic/imagens_videira/oidio\oidio_111.png,oidio,256,256
oidio_112.png,../data/synthetic/imagens_videira/oidio\oidio_112.png,oidio,256,256
oidio_113.png,../data/synthetic/imagens_videira/oidio\oidio_113.png,oidio,256,256
oidio_114.png,../data/synthetic/imagens_videira/oidio\oidio_114.png,oidio,256,256
oidio_115.png,../data/synthetic/imagens_videira/oidio\oidio_115.png,oidio,256,256
oidio_116.png,../data/synthetic/imagens_videira/oidio\oidio_116.png,oidio,256,256
oidio_117.png,../data/synthetic/imagens_videira/oidio\oidio_117.png,oidio,256,256
oidio_118.png,../data/synthetic/imagens_videira/oidio\oidio_118.png,oidio,256,256
oidio_119.png,../data/synthetic/imagens_videira/oidio\oidio_119.png,oidio,256,256
oidio_120.png,../data/synthetic/imagens_videira/oidio\oidio_120.png,oidio,256,256
oidio_121.png,../data/synthetic/imagens_videira/oidio\oidio_121.png,oidio,256,256
oidio_122.png,../data/synthetic/imagens_videira/oidio\oidio_122.png,oidio,256,256
oidio_123.png,../data/synthetic/imagens_videira/oidio\oidio_123.png,oidio,256,256
oidio_124.png,../data/synthetic/imagens_videira/oidio\oidio_124.png,oidio,256,256
oidio_125.png,../data/synthetic/imagens_videira/oidio\oidio_125.png,oidio,256,256
oidio_126.png,../data/synthetic/imagens_videira/oidio\oidio_126.png,oidio,256,256
oidio_127.png,../data/synthetic/imagens_videira/oidio\oidio_127.png,oidio,256,256
oidio_128.png,../data/synthetic/imagens_videira/oidio\oidio_128.png,oidio,256,256
oidio_129.png,../data/synthetic/imagens_videira/oidio\oidio_129.png,oidio,256,256
oidio_130.png,../data/synthetic/imagens_videira/oidio\oidio_130.png,oidio,256,256
oidio_131.png,../data/synthetic/imagens_videira/oidio\oidio_131.png,oidio,256,256
oidio_132.png,../data/synthetic/imagens_videira/oidio\oidio_132.png,oidio,256,256
oidio_133.png,../data/synthetic/imagens_videira/oidio\oidio_133.png,oidio,256,256
oidio_134.png,../data/synthetic/imagens_videira/oidio\oidio_134.png,oidio,256,256
oidio_135.png,../data/synthetic/imagens_videira/oidio\oidio_135.png,oidio,256,256
oidio_136.png,../data/synthetic/imagens_videira/oidio\oidio_136.png,oidio,256,256
oidio_137.png,../data/synthetic/imagens_videira/oidio\oidio_137.png,oidio,256,256
oidio_138.png,../data/synthetic/imagens_videira/oidio\oidio_138.png,oidio,256,256
oidio_139.png,../data/synthetic/imagens_videira/oidio\oidio_139.png,oidio,256,256
oidio_140.png,../data/synthetic/imagens_videira/oidio\oidio_140.png,oidio,256,256
oidio_141.png,../data/synthetic/imagens_videira/oidio\oidio_141.png,oidio,256,256
oidio_142.png,../data/synthetic/imagens_videira/oidio\oidio_142.png,oidio,256,256
oidio_143.png,../data/synthetic/imagens_videira/oidio\oidio_143.png,oidio,256,256
oidio_144.png,../data/synthetic/imagens_videira/oidio\oidio_144.png,oidio,256,256
oidio_145.png,../data/synthetic/imagens_videira/oidio\oidio_145.png,oidio,256,256
oidio_146.png,../data/synthetic/imagens_videira/oidio\oidio_146.png,oidio,256,256
oidio_147.png,../data/synthetic/imagens_videira/oidio\oidio_147.png,oidio,256,256
oidio_148.png,../data/synthetic/imagens_videira/oidio\oidio_148.png,oidio,256,256
oidio_149.png,../data/synthetic/imagens_videira/oidio\oidio_149.png,oidio,256,256
oidio_150.png,../data/synthetic/imagens_videira/oidio\oidio_150.png,oidio,256,256
oidio_151.png,../data/synthetic/imagens_videira/oidio\oidio_151.png,oidio,256,256
oidio_152.png,../data/synthetic/imagens_videira/oidio\oidio_152.png,oidio,256,256
oidio_153.png,../data/synthetic/imagens_videira/oidio\oidio_153.png,oidio,256,256
oidio_154.png,../data/synthetic/imagens_videira/oidio\oidio_154.png,oidio,256,256
oidio_155.png,../data/synthetic/imagens_videira/oidio\oidio_155.png,oidio,256,256
oidio_156.png,../data/synthetic/imagens_videira/oidio\oidio_156.png,oidio,256,256
oidio_157.png,../data/synthetic/imagens_videira/oidio\oidio_157.png,oidio,256,256
oidio_158.png,../data/synthetic/imagens_videira/oidio\oidio_158.png,oidio,256,256
oidio_159.png,../data/synthetic/imagens_videira/oidio\oidio_159.png,oidio,256,256
oidio_160.png,../data/synthetic/imagens_videira/oidio\oidio_160.png,oidio,256,256
oidio_161.png,../data/synthetic/imagens_videira/oidio\oidio_161.png,oidio,256,256
oidio_162.png,../data/synthetic/imagens_videira/oidio\oidio_162.png,oidio,256,256
oidio_163.png,../data/synthetic/imagens_videira/oidio\oidio_163.png,oidio,256,256
oidio_164.png,../data/synthetic/imagens_videira/oidio\oidio_164.png,oidio,256,256
oidio_165.png,../data/synthetic/imagens_videira/oidio\oidio_165.png,oidio,256,256
oidio_166.png,../data/synthetic/imagens_videira/oidio\oidio_166.png,oidio,256,256
oidio_167.png,../data/synthetic/imagens_videira/oidio\oidio_167.png,oidio,256,256
oidio_168.png,../data/synthetic/imagens_videira/oidio\oidio_168.png,oidio,256,256
oidio_169.png,../data/synthetic/imagens_videira/oidio\oidio_169.png,oidio,256,256
oidio_170.png,../data/synthetic/imagens_videira/oidio\oidio_170.png,oidio,256,256
oidio_171.png,../data/synthetic/imagens_videira/oidio\oidio_171.png,oidio,256,256
oidio_172.png,../data/synthetic/imagens_videira/oidio\oidio_172.png,oidio,256,256
oidio_173.png,../data/synthetic/imagens_videira/oidio\oidio_173.png,oidio,256,256
oidio_174.png,../data/synthetic/imagens_videira/oidio\oidio_174.png,oidio,256,256
oidio_175.png,../data/synthetic/imagens_videira/oidio\oidio_175.png,oidio,256,256
oidio_176.png,../data/synthetic/imagens_videira/oidio\oidio_176.png,oidio,256,256
oidio_177.png,../data/synthetic/imagens_videira/oidio\oidio_177.png,oidio,256,256
oidio_178.png,../data/synthetic/imagens_videira/oidio\oidio_178.png,oidio,256,256
oidio_179.png,../data/synthetic/imagens_videira/oidio\oidio_179.png,oidio,256,256
oidio_180.png,../data/synthetic/imagens_videira/oidio\oidio_180.png,oidio,256,256
oidio_181.png,../data/synthetic/imagens_videira/oidio\oidio_181.png,oidio,256,256
oidio_182.png,../data/synthetic/imagens_videira/oidio\oidio_182.png,oidio,256,256
oidio_183.png,../data/synthetic/imagens_videira/oidio\oidio_183.png,oidio,256,256
oidio_184.png,../data/synthetic/imagens_videira/oidio\oidio_184.png,oidio,256,256
oidio_185.png,../data/synthetic/imagens_videira/oidio\oidio_185.png,oidio,256,256
oidio_186.png,../data/synthetic/imagens_videira/oidio\oidio_186.png,oidio,256,256
oidio_187.png,../data/synthetic/imagens_videira/oidio\oidio_187.png,oidio,256,256
oidio_188.png,../data/synthetic/imagens_videira/oidio\oidio_188.png,oidio,256,256
oidio_189.png,../data/synthetic/imagens_videira/oidio\oidio_189.png,oidio,256,256
oidio_190.png,../data/synthetic/imagens_videira/oidio\oidio_190.png,oidio,256,256
oidio_191.png,../data/synthetic/imagens_videira/oidio\oidio_191.png,oidio,256,256
oidio_192.png,../data/synthetic/imagens_videira/oidio\oidio_192.png,oidio,256,256
oidio_193.png,../data/synthetic/imagens_videira/oidio\oidio_193.png,oidio,256,256
oidio_194.png,../data/synthetic/imagens_videira/oidio\oidio_194.png,oidio,256,256
oidio_195.png,../data/synthetic/imagens_videira/oidio\oidio_195.png,oidio,256,256
oidio_196.png,../data/synthetic/imagens_videira/oidio\oidio_196.png,oidio,256,256
oidio_197.png,../data/synthetic/imagens_videira/oidio\oidio_197.png,oidio,256,256
oidio_198.png,../data/synthetic/imagens_videira/oidio\oidio_198.png,oidio,256,256
oidio_199.png,../data/synthetic/imagens_videira/oidio\oidio_199.png,oidio,256,256
escoriose_000.png,../data/synthetic/imagens_videira/escoriose\escoriose_000.png,escoriose,256,256
escoriose_001.png,../data/synthetic/imagens_videira/escoriose\escoriose_001.png,escoriose,256,256
escoriose_002.png,../data/synthetic/imagens_videira/escoriose\escoriose_002.png,escoriose,256,256
escoriose_003.png,../data/synthetic/imagens_videira/escoriose\escoriose_003.png,escoriose,256,256
escoriose_004.png,../data/synthetic/imagens_videira/escoriose\escoriose_004.png,escoriose,256,256
escoriose_005.png,../data/synthetic/imagens_videira/escoriose\escoriose_005.png,escoriose,256,256
escoriose_006.png,../data/synthetic/imagens_videira/escoriose\escoriose_006.png,escoriose,256,256
escoriose_007.png,../data/synthetic/imagens_videira/escoriose\escoriose_007.png,escoriose,256,256
escoriose_008.png,../data/synthetic/imagens_videira/escoriose\escoriose_008.png,escoriose,256,256
escoriose_009.png,../data/synthetic/imagens_videira/escoriose\escoriose_009.png,escoriose,256,256
escoriose_010.png,../data/synthetic/imagens_videira/escoriose\escoriose_010.png,escoriose,256,256
escoriose_011.png,../data/synthetic/imagens_videira/escoriose\escoriose_011.png,escoriose,256,256
escoriose_012.png,../data/synthetic/imagens_videira/escoriose\escoriose_012.png,escoriose,256,256
escoriose_013.png,../data/synthetic/imagens_videira/escoriose\escoriose_013.png,escoriose,256,256
escoriose_014.png,../data/synthetic/imagens_videira/escoriose\escoriose_014.png,escoriose,256,256
escoriose_015.png,../data/synthetic/imagens_videira/escoriose\escoriose_015.png,escoriose,256,256
escoriose_016.png,../data/synthetic/imagens_videira/escoriose\escoriose_016.png,escoriose,256,256
escoriose_017.png,../data/synthetic/imagens_videira/escoriose\escoriose_017.png,escoriose,256,256
escoriose_018.png,../data/synthetic/imagens_videira/escoriose\escoriose_018.png,escoriose,256,256
escoriose_019.png,../data/synthetic/imagens_videira/escoriose\escoriose_019.png,escoriose,256,256
escoriose_020.png,../data/synthetic/imagens_videira/escoriose\escoriose_020.png,escoriose,256,256
escoriose_021.png,../data/synthetic/imagens_videira/escoriose\escoriose_021.png,escoriose,256,256
escoriose_022.png,../data/synthetic/imagens_videira/escoriose\escoriose_022.png,escoriose,256,256
escoriose_023.png,../data/synthetic/imagens_videira/escoriose\escoriose_023.png,escoriose,256,256
escoriose_024.png,../data/synthetic/imagens_videira/escoriose\escoriose_024.png,escoriose,256,256
escoriose_025.png,../data/synthetic/imagens_videira/escoriose\escoriose_025.png,escoriose,256,256
escoriose_026.png,../data/synthetic/imagens_videira/escoriose\escoriose_026.png,escoriose,256,256
escoriose_027.png,../data/synthetic/imagens_videira/escoriose\escoriose_027.png,escoriose,256,256
escoriose_028.png,../data/synthetic/imagens_videira/escoriose\escoriose_028.png,escoriose,256,256
escoriose_029.png,../data/synthetic/imagens_videira/escoriose\escoriose_029.png,escoriose,256,256
escoriose_030.png,../data/synthetic/imagens_videira/escoriose\escoriose_030.png,escoriose,256,256
escoriose_031.png,../data/synthetic/imagens_videira/escoriose\escoriose_031.png,escoriose,256,256
escoriose_032.png,../data/synthetic/imagens_videira/escoriose\escoriose_032.png,escoriose,256,256
escoriose_033.png,../data/synthetic/imagens_videira/escoriose\escoriose_033.png,escoriose,256,256
escoriose_034.png,../data/synthetic/imagens_videira/escoriose\escoriose_034.png,escoriose,256,256
escoriose_035.png,../data/synthetic/imagens_videira/escoriose\escoriose_035.png,escoriose,256,256
escoriose_036.png,../data/synthetic/imagens_videira/escoriose\escoriose_036.png,escoriose,256,256
escoriose_037.png,../data/synthetic/imagens_videira/escoriose\escoriose_037.png,escoriose,256,256
escoriose_038.png,../data/synthetic/imagens_videira/escoriose\escoriose_038.png,escoriose,256,256
escoriose_039.png,../data/synthetic/imagens_videira/escoriose\escoriose_039.png,escoriose,256,256
escoriose_040.png,../data/synthetic/imagens_videira/escoriose\escoriose_040.png,escoriose,256,256
escoriose_041.png,../data/synthetic/imagens_videira/escoriose\escoriose_041.png,escoriose,256,256
escoriose_042.png,../data/synthetic/imagens_videira/escoriose\escoriose_042.png,escoriose,256,256
escoriose_043.png,../data/synthetic/imagens_videira/escoriose\escoriose_043.png,escoriose,256,256
escoriose_044.png,../data/synthetic/imagens_videira/escoriose\escoriose_044.png,escoriose,256,256
escoriose_045.png,../data/synthetic/imagens_videira/escoriose\escoriose_045.png,escoriose,256,256
escoriose_046.png,../data/synthetic/imagens_videira/escoriose\escoriose_046.png,escoriose,256,256
escoriose_047.png,../data/synthetic/imagens_videira/escoriose\escoriose_047.png,escoriose,256,256
escoriose_048.png,../data/synthetic/imagens_videira/escoriose\escoriose_048.png,escoriose,256,256
escoriose_049.png,../data/synthetic/imagens_videira/escoriose\escoriose_049.png,escoriose,256,256
escoriose_050.png,../data/synthetic/imagens_videira/escoriose\escoriose_050.png,escoriose,256,256
escoriose_051.png,../data/synthetic/imagens_videira/escoriose\escoriose_051.png,escoriose,256,256
escoriose_052.png,../data/synthetic/imagens_videira/escoriose\escoriose_052.png,escoriose,256,256
escoriose_053.png,../data/synthetic/imagens_videira/escoriose\escoriose_053.png,escoriose,256,256
escoriose_054.png,../data/synthetic/imagens_videira/escoriose\escoriose_054.png,escoriose,256,256
escoriose_055.png,../data/synthetic/imagens_videira/escoriose\escoriose_055.png,escoriose,256,256
escoriose_056.png,../data/synthetic/imagens_videira/escoriose\escoriose_056.png,escoriose,256,256
escoriose_057.png,../data/synthetic/imagens_videira/escoriose\escoriose_057.png,escoriose,256,256
escoriose_058.png,../data/synthetic/imagens_videira/escoriose\escoriose_058.png,escoriose,256,256
escoriose_059.png,../data/synthetic/imagens_videira/escoriose\escoriose_059.png,escoriose,256,256
escoriose_060.png,../data/synthetic/imagens_videira/escoriose\escoriose_060.png,escoriose,256,256
escoriose_061.png,../data/synthetic/imagens_videira/escoriose\escoriose_061.png,escoriose,256,256
escoriose_062.png,../data/synthetic/imagens_videira/escoriose\escoriose_062.png,escoriose,256,256
escoriose_063.png,../data/synthetic/imagens_videira/escoriose\escoriose_063.png,escoriose,256,256
escoriose_064.png,../data/synthetic/imagens_videira/escoriose\escoriose_064.png,escoriose,256,256
escoriose_065.png,../data/synthetic/imagens_videira/escoriose\escoriose_065.png,escoriose,256,256
escoriose_066.png,../data/synthetic/imagens_videira/escoriose\escoriose_066.png,escoriose,256,256
escoriose_067.png,../data/synthetic/imagens_videira/escoriose\escoriose_067.png,escoriose,256,256
escoriose_068.png,../data/synthetic/imagens_videira/escoriose\escoriose_068.png,escoriose,256,256
escoriose_069.png,../data/synthetic/imagens_videira/escoriose\escoriose_069.png,escoriose,256,256
escoriose_070.png,../data/synthetic/imagens_videira/escoriose\escoriose_070.png,escoriose,256,256
escoriose_071.png,../data/synthetic/imagens_videira/escoriose\escoriose_071.png,escoriose,256,256
escoriose_072.png,../data/synthetic/imagens_videira/escoriose\escoriose_072.png,escoriose,256,256
escoriose_073.png,../data/synthetic/imagens_videira/escoriose\escoriose_073.png,escoriose,256,256
escoriose_074.png,../data/synthetic/imagens_videira/escoriose\escoriose_074.png,escoriose,256,256
escoriose_075.png,../data/synthetic/imagens_videira/escoriose\escoriose_075.png,escoriose,256,256
escoriose_076.png,../data/synthetic/imagens_videira/escoriose\escoriose_076.png,escoriose,256,256
escoriose_077.png,../data/synthetic/imagens_videira/escoriose\escoriose_077.png,escoriose,256,256
escoriose_078.png,../data/synthetic/imagens_videira/escoriose\escoriose_078.png,escoriose,256,256
escoriose_079.png,../data/synthetic/imagens_videira/escoriose\escoriose_079.png,escoriose,256,256
escoriose_080.png,../data/synthetic/imagens_videira/escoriose\escoriose_080.png,escoriose,256,256
escoriose_081.png,../data/synthetic/imagens_videira/escoriose\escoriose_081.png,escoriose,256,256
escoriose_082.png,../data/synthetic/imagens_videira/escoriose\escoriose_082.png,escoriose,256,256
escoriose_083.png,../data/synthetic/imagens_videira/escoriose\escoriose_083.png,escoriose,256,256
escoriose_084.png,../data/synthetic/imagens_videira/escoriose\escoriose_084.png,escoriose,256,256
escoriose_085.png,../data/synthetic/imagens_videira/escoriose\escoriose_085.png,escoriose,256,256
escoriose_086.png,../data/synthetic/imagens_videira/escoriose\escoriose_086.png,escoriose,256,256
escoriose_087.png,../data/synthetic/imagens_videira/escoriose\escoriose_087.png,escoriose,256,256
escoriose_088.png,../data/synthetic/imagens_videira/escoriose\escoriose_088.png,escoriose,256,256
escoriose_089.png,../data/synthetic/imagens_videira/escoriose\escoriose_089.png,escoriose,256,256
escoriose_090.png,../data/synthetic/imagens_videira/escoriose\escoriose_090.png,escoriose,256,256
escoriose_091.png,../data/synthetic/imagens_videira/escoriose\escoriose_091.png,escoriose,256,256
escoriose_092.png,../data/synthetic/imagens_videira/escoriose\escoriose_092.png,escoriose,256,256
escoriose_093.png,../data/synthetic/imagens_videira/escoriose\escoriose_093.png,escoriose,256,256
escoriose_094.png,../data/synthetic/imagens_videira/escoriose\escoriose_094.png,escoriose,256,256
escoriose_095.png,../data/synthetic/imagens_videira/escoriose\escoriose_095.png,escoriose,256,256
escoriose_096.png,../data/synthetic/imagens_videira/escoriose\escoriose_096.png,escoriose,256,256
escoriose_097.png,../data/synthetic/imagens_videira/escoriose\escoriose_097.png,escoriose,256,256
escoriose_098.png,../data/synthetic/imagens_videira/escoriose\escoriose_098.png,escoriose,256,256
escoriose_099.png,../data/synthetic/imagens_videira/escoriose\escoriose_099.png,escoriose,256,256
escoriose_100.png,../data/synthetic/imagens_videira/escoriose\escoriose_100.png,escoriose,256,256
escoriose_101.png,../data/synthetic/imagens_videira/escoriose\escoriose_101.png,escoriose,256,256
escoriose_102.png,../data/synthetic/imagens_videira/escoriose\escoriose_102.png,escoriose,256,256
escoriose_103.png,../data/synthetic/imagens_videira/escoriose\escoriose_103.png,escoriose,256,256
escoriose_104.png,../data/synthetic/imagens_videira/escoriose\escoriose_104.png,escoriose,256,256
escoriose_105.png,../data/synthetic/imagens_videira/escoriose\escoriose_105.png,escoriose,256,256
escoriose_106.png,../data/synthetic/imagens_videira/escoriose\escoriose_106.png,escoriose,256,256
escoriose_107.png,../data/synthetic/imagens_videira/escoriose\escoriose_107.png,escoriose,256,256
escoriose_108.png,../data/synthetic/imagens_videira/escoriose\escoriose_108.png,escoriose,256,256
escoriose_109.png,../data/synthetic/imagens_videira/escoriose\escoriose_109.png,escoriose,256,256
escoriose_110.png,../data/synthetic/imagens_videira/escoriose\escoriose_110.png,escoriose,256,256
escoriose_111.png,../data/synthetic/imagens_videira/escoriose\escoriose_111.png,escoriose,256,256
escoriose_112.png,../data/synthetic/imagens_videira/escoriose\escoriose_112.png,escoriose,256,256
escoriose_113.png,../data/synthetic/imagens_videira/escoriose\escoriose_113.png,escoriose,256,256
escoriose_114.png,../data/synthetic/imagens_videira/escoriose\escoriose_114.png,escoriose,256,256
escoriose_115.png,../data/synthetic/imagens_videira/escoriose\escoriose_115.png,escoriose,256,256
escoriose_116.png,../data/synthetic/imagens_videira/escoriose\escoriose_116.png,escoriose,256,256
escoriose_117.png,../data/synthetic/imagens_videira/escoriose\escoriose_117.png,escoriose,256,256
escoriose_118.png,../data/synthetic/imagens_videira/escoriose\escoriose_118.png,escoriose,256,256
escoriose_119.png,../data/synthetic/imagens_videira/escoriose\escoriose_119.png,escoriose,256,256
escoriose_120.png,../data/synthetic/imagens_videira/escoriose\escoriose_120.png,escoriose,256,256
escoriose_121.png,../data/synthetic/imagens_videira/escoriose\escoriose_121.png,escoriose,256,256
escoriose_122.png,../data/synthetic/imagens_videira/escoriose\escoriose_122.png,escoriose,256,256
escoriose_123.png,../data/synthetic/imagens_videira/escoriose\escoriose_123.png,escoriose,256,256
escoriose_124.png,../data/synthetic/imagens_videira/escoriose\escoriose_124.png,escoriose,256,256
escoriose_125.png,../data/synthetic/imagens_videira/escoriose\escoriose_125.png,escoriose,256,256
escoriose_126.png,../data/synthetic/imagens_videira/escoriose\escoriose_126.png,escoriose,256,256
escoriose_127.png,../data/synthetic/imagens_videira/escoriose\escoriose_127.png,escoriose,256,256
escoriose_128.png,../data/synthetic/imagens_videira/escoriose\escoriose_128.png,escoriose,256,256
escoriose_129.png,../data/synthetic/imagens_videira/escoriose\escoriose_129.png,escoriose,256,256
escoriose_130.png,../data/synthetic/imagens_videira/escoriose\escoriose_130.png,escoriose,256,256
escoriose_131.png,../data/synthetic/imagens_videira/escoriose\escoriose_131.png,escoriose,256,256
escoriose_132.png,../data/synthetic/imagens_videira/escoriose\escoriose_132.png,escoriose,256,256
escoriose_133.png,../data/synthetic/imagens_videira/escoriose\escoriose_133.png,escoriose,256,256
escoriose_134.png,../data/synthetic/imagens_videira/escoriose\escoriose_134.png,escoriose,256,256
escoriose_135.png,../data/synthetic/imagens_videira/escoriose\escoriose_135.png,escoriose,256,256
escoriose_136.png,../data/synthetic/imagens_videira/escoriose\escoriose_136.png,escoriose,256,256
escoriose_137.png,../data/synthetic/imagens_videira/escoriose\escoriose_137.png,escoriose,256,256
escoriose_138.png,../data/synthetic/imagens_videira/escoriose\escoriose_138.png,escoriose,256,256
escoriose_139.png,../data/synthetic/imagens_videira/escoriose\escoriose_139.png,escoriose,256,256
escoriose_140.png,../data/synthetic/imagens_videira/escoriose\escoriose_140.png,escoriose,256,256
escoriose_141.png,../data/synthetic/imagens_videira/escoriose\escoriose_141.png,escoriose,256,256
escoriose_142.png,../data/synthetic/imagens_videira/escoriose\escoriose_142.png,escoriose,256,256
escoriose_143.png,../data/synthetic/imagens_videira/escoriose\escoriose_143.png,escoriose,256,256
escoriose_144.png,../data/synthetic/imagens_videira/escoriose\escoriose_144.png,escoriose,256,256
escoriose_145.png,../data/synthetic/imagens_videira/escoriose\escoriose_145.png,escoriose,256,256
escoriose_146.png,../data/synthetic/imagens_videira/escoriose\escoriose_146.png,escoriose,256,256
escoriose_147.png,../data/synthetic/imagens_videira/escoriose\escoriose_147.png,escoriose,256,256
escoriose_148.png,../data/synthetic/imagens_videira/escoriose\escoriose_148.png,escoriose,256,256
escoriose_149.png,../data/synthetic/imagens_videira/escoriose\escoriose_149.png,escoriose,256,256
escoriose_150.png,../data/synthetic/imagens_videira/escoriose\escoriose_150.png,escoriose,256,256
escoriose_151.png,../data/synthetic/imagens_videira/escoriose\escoriose_151.png,escoriose,256,256
escoriose_152.png,../data/synthetic/imagens_videira/escoriose\escoriose_152.png,escoriose,256,256
escoriose_153.png,../data/synthetic/imagens_videira/escoriose\escoriose_153.png,escoriose,256,256
escoriose_154.png,../data/synthetic/imagens_videira/escoriose\escoriose_154.png,escoriose,256,256
escoriose_155.png,../data/synthetic/imagens_videira/escoriose\escoriose_155.png,escoriose,256,256
escoriose_156.png,../data/synthetic/imagens_videira/escoriose\escoriose_156.png,escoriose,256,256
escoriose_157.png,../data/synthetic/imagens_videira/escoriose\escoriose_157.png,escoriose,256,256
escoriose_158.png,../data/synthetic/imagens_videira/escoriose\escoriose_158.png,escoriose,256,256
escoriose_159.png,../data/synthetic/imagens_videira/escoriose\escoriose_159.png,escoriose,256,256
escoriose_160.png,../data/synthetic/imagens_videira/escoriose\escoriose_160.png,escoriose,256,256
escoriose_161.png,../data/synthetic/imagens_videira/escoriose\escoriose_161.png,escoriose,256,256
escoriose_162.png,../data/synthetic/imagens_videira/escoriose\escoriose_162.png,escoriose,256,256
escoriose_163.png,../data/synthetic/imagens_videira/escoriose\escoriose_163.png,escoriose,256,256
escoriose_164.png,../data/synthetic/imagens_videira/escoriose\escoriose_164.png,escoriose,256,256
escoriose_165.png,../data/synthetic/imagens_videira/escoriose\escoriose_165.png,escoriose,256,256
escoriose_166.png,../data/synthetic/imagens_videira/escoriose\escoriose_166.png,escoriose,256,256
escoriose_167.png,../data/synthetic/imagens_videira/escoriose\escoriose_167.png,escoriose,256,256
escoriose_168.png,../data/synthetic/imagens_videira/escoriose\escoriose_168.png,escoriose,256,256
escoriose_169.png,../data/synthetic/imagens_videira/escoriose\escoriose_169.png,escoriose,256,256
escoriose_170.png,../data/synthetic/imagens_videira/escoriose\escoriose_170.png,escoriose,256,256
escoriose_171.png,../data/synthetic/imagens_videira/escoriose\escoriose_171.png,escoriose,256,256
escoriose_172.png,../data/synthetic/imagens_videira/escoriose\escoriose_172.png,escoriose,256,256
escoriose_173.png,../data/synthetic/imagens_videira/escoriose\escoriose_173.png,escoriose,256,256
escoriose_174.png,../data/synthetic/imagens_videira/escoriose\escoriose_174.png,escoriose,256,256
escoriose_175.png,../data/synthetic/imagens_videira/escoriose\escoriose_175.png,escoriose,256,256
escoriose_176.png,../data/synthetic/imagens_videira/escoriose\escoriose_176.png,escoriose,256,256
escoriose_177.png,../data/synthetic/imagens_videira/escoriose\escoriose_177.png,escoriose,256,256
escoriose_178.png,../data/synthetic/imagens_videira/escoriose\escoriose_178.png,escoriose,256,256
escoriose_179.png,../data/synthetic/imagens_videira/escoriose\escoriose_179.png,escoriose,256,256
escoriose_180.png,../data/synthetic/imagens_videira/escoriose\escoriose_180.png,escoriose,256,256
escoriose_181.png,../data/synthetic/imagens_videira/escoriose\escoriose_181.png,escoriose,256,256
escoriose_182.png,../data/synthetic/imagens_videira/escoriose\escoriose_182.png,escoriose,256,256
escoriose_183.png,../data/synthetic/imagens_videira/escoriose\escoriose_183.png,escoriose,256,256
escoriose_184.png,../data/synthetic/imagens_videira/escoriose\escoriose_184.png,escoriose,256,256
escoriose_185.png,../data/synthetic/imagens_videira/escoriose\escoriose_185.png,escoriose,256,256
escoriose_186.png,../data/synthetic/imagens_videira/escoriose\escoriose_186.png,escoriose,256,256
escoriose_187.png,../data/synthetic/imagens_videira/escoriose\escoriose_187.png,escoriose,256,256
escoriose_188.png,../data/synthetic/imagens_videira/escoriose\escoriose_188.png,escoriose,256,256
escoriose_189.png,../data/synthetic/imagens_videira/escoriose\escoriose_189.png,escoriose,256,256
escoriose_190.png,../data/synthetic/imagens_videira/escoriose\escoriose_190.png,escoriose,256,256
escoriose_191.png,../data/synthetic/imagens_videira/escoriose\escoriose_191.png,escoriose,256,256
escoriose_192.png,../data/synthetic/imagens_videira/escoriose\escoriose_192.png,escoriose,256,256
escoriose_193.png,../data/synthetic/imagens_videira/escoriose\escoriose_193.png,escoriose,256,256
escoriose_194.png,../data/synthetic/imagens_videira/escoriose\escoriose_194.png,escoriose,256,256
escoriose_195.png,../data/synthetic/imagens_videira/escoriose\escoriose_195.png,escoriose,256,256
escoriose_196.png,../data/synthetic/imagens_videira/escoriose\escoriose_196.png,escoriose,256,256
escoriose_197.png,../data/synthetic/imagens_videira/escoriose\escoriose_197.png,escoriose,256,256
escoriose_198.png,../data/synthetic/imagens_videira/escoriose\escoriose_198.png,escoriose,256,256
escoriose_199.png,../data/synthetic/imagens_videira/escoriose\escoriose_199.png,escoriose,256,256
